Data;Mes;Pontos;Resultado_R$;Saldo_Acumulado_R$
15/09/2026;Set;-1725;-345;9644
14/09/2026;Set;-610;-122;9989
11/09/2026;Set;865;173;10111
10/09/2026;Set;1910;382;9938
09/09/2026;Set;820;164;9556
08/09/2026;Set;470;94;9392
04/09/2026;Set;-1955;-391;9298
03/09/2026;Set;-1800;-360;9689
02/09/2026;Set;4245;849;10049
01/09/2026;Set;-1720;-344;9200
31/08/2026;Ago;-1740;-348;9544
28/08/2026;Ago;-1775;-355;9892
27/08/2026;Ago;1900;380;10247
26/08/2026;Ago;1170;234;9867
25/08/2026;Ago;-1820;-364;9633
24/08/2026;Ago;-1740;-348;9997
21/08/2026;Ago;-1755;-351;10345
20/08/2026;Ago;-2015;-403;10696
19/08/2026;Ago;-870;-174;11099
18/08/2026;Ago;-1805;-361;11273
17/08/2026;Ago;465;93;11634
14/08/2026;Ago;355;71;11541
13/08/2026;Ago;1095;219;11470
12/08/2026;Ago;-1055;-211;11251
11/08/2026;Ago;3575;715;11462
10/08/2026;Ago;-1155;-231;10747
07/08/2026;Ago;3415;683;10978
06/08/2026;Ago;190;38;10295
05/08/2026;Ago;-1525;-305;10257
04/08/2026;Ago;3770;754;10562
03/08/2026;Ago;300;60;9808
31/07/2026;Jul;-1805;-361;9748
30/07/2026;Jul;2;0;10109
29/07/2026;Jul;3850;770;10109
28/07/2026;Jul;-1060;-212;9339
27/07/2026;Jul;-1155;-231;9551
24/07/2026;Jul;2760;552;9782
23/07/2026;Jul;-1805;-361;9230
22/07/2026;Jul;3945;789;9591
21/07/2026;Jul;-270;-54;8802
20/07/2026;Jul;-190;-38;8856
17/07/2026;Jul;-725;-145;8894
16/07/2026;Jul;-1795;-359;9039
15/07/2026;Jul;120;24;9398
14/07/2026;Jul;180;36;9374
13/07/2026;Jul;2435;487;9338
10/07/2026;Jul;4480;896;8851
09/07/2026;Jul;2135;427;7955
08/07/2026;Jul;350;70;7528
07/07/2026;Jul;-980;-196;7458
06/07/2026;Jul;1970;394;7654
03/07/2026;Jul;-665;-133;7260
02/07/2026;Jul;1475;295;7393
01/07/2026;Jul;-25;-5;7098
30/06/2026;Jun;1285;257;7103
29/06/2026;Jun;-525;-105;6846
26/06/2026;Jun;2085;417;6951
25/06/2026;Jun;-195;-39;6534
24/06/2026;Jun;-1805;-361;6573
23/06/2026;Jun;3371;674;6934
22/06/2026;Jun;-1805;-361;6260
19/06/2026;Jun;-280;-56;6621
18/06/2026;Jun;-600;-120;6677
17/06/2026;Jun;-1805;-361;6797
16/06/2026;Jun;1000;200;7158
15/06/2026;Jun;-1817;-363;6958
12/06/2026;Jun;410;82;7321
11/06/2026;Jun;-1800;-360;7239
10/06/2026;Jun;-665;-133;7599
09/06/2026;Jun;1295;259;7732
08/06/2026;Jun;-665;-133;7473
05/06/2026;Jun;2120;424;7606
03/06/2026;Jun;3495;699;7182
02/06/2026;Jun;734;147;6483
01/06/2026;Jun;-1865;-373;6337
29/05/2026;Mai;-1825;-365;6710
28/05/2026;Mai;-1880;-376;7075
27/05/2026;Mai;-1825;-365;7451
26/05/2026;Mai;795;159;7816
25/05/2026;Mai;-1820;-364;7657
22/05/2026;Mai;-50;-10;8021
21/05/2026;Mai;1415;283;8031
20/05/2026;Mai;1920;384;7748
19/05/2026;Mai;250;50;7364
18/05/2026;Mai;-356;-71;7314
15/05/2026;Mai;-435;-87;7385
14/05/2026;Mai;430;86;7472
13/05/2026;Mai;-1513;-303;7386
12/05/2026;Mai;625;125;7688
11/05/2026;Mai;1694;339;7563
08/05/2026;Mai;757;151;7225
07/05/2026;Mai;4815;963;7073
06/05/2026;Mai;35;7;6110
05/05/2026;Mai;-725;-145;6103
04/05/2026;Mai;1510;302;6248
30/04/2026;Abr;1381;276;5946
29/04/2026;Abr;4130;826;5670
28/04/2026;Abr;169;34;4844
27/04/2026;Abr;-2000;-400;4810
24/04/2026;Abr;300;60;5210
23/04/2026;Abr;-64;-13;5150
22/04/2026;Abr;-220;-44;5163
20/04/2026;Abr;593;119;5207
17/04/2026;Abr;1570;314;5089
16/04/2026;Abr;1935;387;4775
15/04/2026;Abr;-1995;-399;4388
14/04/2026;Abr;-138;-28;4787
13/04/2026;Abr;-1475;-295;4814
10/04/2026;Abr;3584;717;5109
09/04/2026;Abr;3191;638;4392
08/04/2026;Abr;1790;358;3754
07/04/2026;Abr;-1905;-381;3396
06/04/2026;Abr;-65;-13;3777
02/04/2026;Abr;1865;373;3790
01/04/2026;Abr;-1907;-381;3417
31/03/2026;Mar;-1900;-380;3799
30/03/2026;Mar;-1895;-379;4179
27/03/2026;Mar;-1918;-383;4558
26/03/2026;Mar;1565;313;4941
25/03/2026;Mar;340;68;4628
24/03/2026;Mar;2624;525;4560
23/03/2026;Mar;-1922;-384;4035
20/03/2026;Mar;1878;376;4420
19/03/2026;Mar;-1895;-379;4044
18/03/2026;Mar;-1755;-351;4423
17/03/2026;Mar;-1897;-379;4774
16/03/2026;Mar;1650;330;5153
13/03/2026;Mar;-1905;-381;4823
12/03/2026;Mar;-1919;-384;5204
11/03/2026;Mar;-1915;-383;5588
10/03/2026;Mar;2015;403;5971
09/03/2026;Mar;-1959;-392;5568
06/03/2026;Mar;-470;-94;5960
05/03/2026;Mar;4030;806;6054
04/03/2026;Mar;1737;347;5248
03/03/2026;Mar;2625;525;4901
02/03/2026;Mar;-2010;-402;4376
27/02/2026;Fev;352;70;4778
26/02/2026;Fev;80;16;4707
25/02/2026;Fev;-1950;-390;4691
24/02/2026;Fev;2380;476;5081
23/02/2026;Fev;-575;-115;4605
20/02/2026;Fev;-1950;-390;4720
19/02/2026;Fev;1900;380;5110
18/02/2026;Fev;-465;-93;4730
13/02/2026;Fev;378;76;4823
12/02/2026;Fev;1446;289;4748
11/02/2026;Fev;2932;586;4459
10/02/2026;Fev;-29;-6;3872
09/02/2026;Fev;2506;501;3878
06/02/2026;Fev;-1907;-381;3377
05/02/2026;Fev;275;55;3758
04/02/2026;Fev;3131;626;3703
03/02/2026;Fev;1655;331;3077
02/02/2026;Fev;766;153;2746
30/01/2026;Jan;1199;240;2593
29/01/2026;Jan;3860;772;2353
28/01/2026;Jan;-1806;-361;1581
27/01/2026;Jan;1114;223;1942
26/01/2026;Jan;484;97;1719
23/01/2026;Jan;-1823;-365;1623
22/01/2026;Jan;3205;641;1987
21/01/2026;Jan;4945;989;1346
20/01/2026;Jan;-1675;-335;357
19/01/2026;Jan;843;169;692
16/01/2026;Jan;1250;250;524
15/01/2026;Jan;-105;-21;274
14/01/2026;Jan;1905;381;295
13/01/2026;Jan;-1645;-329;-86
12/01/2026;Jan;-570;-114;243
09/01/2026;Jan;-1635;-327;357
08/01/2026;Jan;1068;214;684
07/01/2026;Jan;870;174;470
06/01/2026;Jan;1480;296;296
