#;Data/Hora;Ativo;C/V;Quantidade;Preço limite;Status;Tipo;Quantidade executada;Preço médio;Resultado (Abs.);Resultado %;Resultado (R$)
"13655082154";"21/09/2026 / 09:13:01";"WINV26";"C";"1";"0,00";"executada";"saída";"1";"188.770,00";"-60,00";"-0,03";"-12,00"
"13655079787";"21/09/2026 / 09:08:27";"WINV26";"V";"1";"0,00";"executada";"entrada";"1";"188.710,00";"-";"-";"-"
"13654910518";"18/09/2026 / 09:04:03";"WINV26";"C";"1";"0,00";"executada";"saída";"1";"187.950,00";"-205,00";"-0,11";"-41,00"
"13654910036";"18/09/2026 / 09:03:38";"WINV26";"V";"1";"0,00";"executada";"entrada";"1";"187.745,00";"-";"-";"-"
"13654784040";"17/09/2026 / 09:09:49";"WINV26";"V";"1";"0,00";"executada";"saída";"1";"188.860,00";"185,00";"0,10";"37,00"
"13654782783";"17/09/2026 / 09:08:16";"WINV26";"C";"1";"0,00";"executada";"entrada";"1";"188.675,00";"-";"-";"-"
"13654652788";"16/09/2026 / 09:08:03";"WINV26";"C";"1";"0,00";"executada";"saída";"1";"188.490,00";"125,00";"0,07";"25,00"
"13654651575";"16/09/2026 / 09:06:50";"WINV26";"V";"1";"0,00";"executada";"entrada";"1";"188.615,00";"-";"-";"-"
"13654547447";"15/09/2026 / 09:05:58";"WINV26";"C";"1";"0,00";"executada";"saída";"1";"187.890,00";"-185,00";"-0,10";"-37,00"
"13654545508";"15/09/2026 / 09:03:43";"WINV26";"V";"1";"0,00";"executada";"entrada";"1";"187.705,00";"-";"-";"-"
"13654421765";"14/09/2026 / 09:07:44";"WINV26";"V";"1";"0,00";"executada";"saída";"1";"186.265,00";"-465,00";"-0,25";"-93,00"
"13654420914";"14/09/2026 / 09:06:30";"WINV26";"C";"1";"0,00";"executada";"entrada";"1";"186.730,00";"-";"-";"-"
"13654420447";"14/09/2026 / 09:05:29";"WINV26";"C";"1";"0,00";"executada";"saída";"1";"186.830,00";"-115,00";"-0,06";"-23,00"
"13654419643";"14/09/2026 / 09:04:35";"WINV26";"V";"1";"0,00";"executada";"entrada";"1";"186.715,00";"-";"-";"-"
"13654290155";"11/09/2026 / 09:27:15";"WINV26";"C";"1";"0,00";"executada";"saída";"1";"189.455,00";"365,00";"0,19";"73,00"
"13654283797";"11/09/2026 / 09:09:16";"WINV26";"V";"1";"0,00";"executada";"entrada";"1";"189.820,00";"-";"-";"-"
"13654117166";"10/09/2026 / 09:04:10";"WINV26";"V";"1";"0,00";"executada";"saída";"1";"187.455,00";"-65,00";"-0,03";"-13,00"
"13654116906";"10/09/2026 / 09:04:01";"WINV26";"C";"1";"0,00";"executada";"entrada";"1";"187.520,00";"-";"-";"-"
"13654001883";"09/09/2026 / 09:04:11";"WINV26";"V";"1";"0,00";"executada";"saída";"1";"189.245,00";"130,00";"0,07";"26,00"
"13654001292";"09/09/2026 / 09:04:01";"WINV26";"C";"1";"0,00";"executada";"entrada";"1";"189.115,00";"-";"-";"-"
"13653885685";"08/09/2026 / 09:03:18";"WINV26";"C";"1";"0,00";"executada";"saída";"1";"190.065,00";"155,00";"0,08";"31,00"
"13653884988";"08/09/2026 / 09:03:12";"WINV26";"V";"1";"0,00";"executada";"entrada";"1";"190.220,00";"-";"-";"-"
"13653756319";"04/09/2026 / 09:03:53";"WINV26";"V";"1";"0,00";"executada";"saída";"1";"188.205,00";"710,00";"0,38";"142,00"
"13653754921";"04/09/2026 / 09:03:08";"WINV26";"C";"1";"0,00";"executada";"entrada";"1";"187.495,00";"-";"-";"-"
"13653634961";"03/09/2026 / 09:06:24";"WINV26";"V";"1";"0,00";"executada";"saída";"1";"189.650,00";"-505,00";"-0,27";"-101,00"
"13653633117";"03/09/2026 / 09:04:33";"WINV26";"C";"1";"0,00";"executada";"entrada";"1";"190.155,00";"-";"-";"-"
"13653524651";"02/09/2026 / 09:18:13";"WINV26";"C";"1";"0,00";"executada";"saída";"1";"182.730,00";"150,00";"0,08";"30,00"
"13653520009";"02/09/2026 / 09:08:24";"WINV26";"V";"1";"0,00";"executada";"entrada";"1";"182.880,00";"-";"-";"-"
"13653378759";"01/09/2026 / 09:06:45";"WINV26";"V";"1";"0,00";"executada";"saída";"1";"180.265,00";"280,00";"0,16";"56,00"
"13653376869";"01/09/2026 / 09:04:52";"WINV26";"C";"1";"0,00";"executada";"entrada";"1";"179.985,00";"-";"-";"-"
"13653264327";"31/08/2026 / 09:15:01";"WINV26";"V";"1";"0,00";"executada";"saída";"1";"180.140,00";"-170,00";"-0,09";"-34,00"
"13653261684";"31/08/2026 / 09:09:53";"WINV26";"C";"1";"0,00";"executada";"entrada";"1";"180.310,00";"-";"-";"-"
"13653259809";"31/08/2026 / 09:05:09";"WINV26";"C";"1";"0,00";"executada";"saída";"1";"180.265,00";"-285,00";"-0,16";"-57,00"
"13653259052";"31/08/2026 / 09:04:27";"WINV26";"V";"1";"0,00";"executada";"entrada";"1";"179.980,00";"-";"-";"-"
"13653246084";"28/08/2026 / 09:08:14";"WINV26";"V";"1";"178.885,00";"executada";"saída";"1";"178.885,00";"690,00";"0,39";"138,00"
"13653246083";"28/08/2026 / 09:03:27";"WINV26";"C";"1";"178.195,00";"executada";"entrada";"1";"178.195,00";"-";"-";"-"
"13653246082";"27/08/2026 / 09:05:00";"WINV26";"C";"1";"177.370,00";"executada";"saída";"1";"177.370,00";"250,00";"0,14";"50,00"
"13653246081";"27/08/2026 / 09:03:48";"WINV26";"V";"1";"177.620,00";"executada";"entrada";"1";"177.620,00";"-";"-";"-"
"13653246080";"26/08/2026 / 09:16:44";"WINV26";"C";"1";"178.625,00";"executada";"saída";"1";"178.625,00";"295,00";"0,16";"59,00"
"13653246079";"26/08/2026 / 09:06:21";"WINV26";"V";"1";"178.920,00";"executada";"entrada";"1";"178.920,00";"-";"-";"-"
"13653246078";"26/08/2026 / 09:05:54";"WINV26";"V";"1";"178.875,00";"executada";"saída";"1";"178.875,00";"30,00";"0,02";"6,00"
"13653246077";"26/08/2026 / 09:05:35";"WINV26";"C";"1";"178.845,00";"executada";"entrada";"1";"178.845,00";"-";"-";"-"
"13653246076";"25/08/2026 / 09:04:20";"WINV26";"V";"1";"174.730,00";"executada";"saída";"1";"174.730,00";"185,00";"0,11";"37,00"
"13653246075";"25/08/2026 / 09:02:54";"WINV26";"C";"1";"174.545,00";"executada";"entrada";"1";"174.545,00";"-";"-";"-"
"13653246074";"24/08/2026 / 09:04:47";"WINV26";"V";"1";"173.085,00";"executada";"saída";"1";"173.085,00";"305,00";"0,18";"61,00"
"13653246073";"24/08/2026 / 09:03:47";"WINV26";"C";"1";"172.780,00";"executada";"entrada";"1";"172.780,00";"-";"-";"-"
"13653246072";"21/08/2026 / 09:03:52";"WINV26";"C";"1";"171.705,00";"executada";"saída";"1";"171.705,00";"340,00";"0,20";"68,00"
"13653246071";"21/08/2026 / 09:01:55";"WINV26";"V";"1";"172.045,00";"executada";"entrada";"1";"172.045,00";"-";"-";"-"
"13653246070";"20/08/2026 / 09:02:59";"WINV26";"V";"1";"169.835,00";"executada";"saída";"1";"169.835,00";"55,00";"0,03";"11,00"
"13653246069";"20/08/2026 / 09:02:45";"WINV26";"C";"1";"169.780,00";"executada";"entrada";"1";"169.780,00";"-";"-";"-"
"13653246068";"19/08/2026 / 09:02:57";"WINV26";"C";"1";"169.215,00";"executada";"saída";"1";"169.215,00";"190,00";"0,11";"38,00"
"13653246067";"19/08/2026 / 09:02:24";"WINV26";"V";"1";"169.405,00";"executada";"entrada";"1";"169.405,00";"-";"-";"-"
"13653246066";"18/08/2026 / 09:04:07";"WINV26";"C";"1";"169.285,00";"executada";"saída";"1";"169.285,00";"-185,00";"-0,11";"-37,00"
"13653246065";"18/08/2026 / 09:03:51";"WINV26";"V";"1";"169.100,00";"executada";"entrada";"1";"169.100,00";"-";"-";"-"
"13653246064";"17/08/2026 / 09:05:23";"WINV26";"V";"1";"170.165,00";"executada";"saída";"1";"170.165,00";"-15,00";"-0,01";"-3,00"
"13653246063";"17/08/2026 / 09:05:19";"WINV26";"C";"1";"170.180,00";"executada";"entrada";"1";"170.180,00";"-";"-";"-"
"13653246062";"14/08/2026 / 09:10:45";"WINV26";"C";"1";"170.080,00";"executada";"saída";"1";"170.080,00";"335,00";"0,20";"67,00"
"13653246061";"14/08/2026 / 09:04:56";"WINV26";"V";"1";"170.415,00";"executada";"entrada";"1";"170.415,00";"-";"-";"-"
"13653246060";"13/08/2026 / 09:06:03";"WINV26";"C";"1";"169.860,00";"executada";"saída";"1";"169.860,00";"420,00";"0,25";"84,00"
"13653246059";"13/08/2026 / 09:03:30";"WINV26";"V";"1";"170.280,00";"executada";"entrada";"1";"170.280,00";"-";"-";"-"
"13653246058";"12/08/2026 / 09:02:39";"WINV26";"C";"1";"171.400,00";"executada";"saída";"1";"171.400,00";"65,00";"0,04";"13,00"
"13653246057";"12/08/2026 / 09:01:32";"WINV26";"V";"1";"171.465,00";"executada";"entrada";"1";"171.465,00";"-";"-";"-"
"13653246056";"11/08/2026 / 10:36:05";"WINQ26";"C";"1";"171.795,00";"executada";"saída";"1";"171.795,00";"-180,00";"-0,10";"-36,00"
"13653246055";"11/08/2026 / 10:27:40";"WINQ26";"V";"1";"171.615,00";"executada";"entrada";"1";"171.615,00";"-";"-";"-"
"13653246054";"11/08/2026 / 09:54:32";"WINQ26";"V";"1";"171.945,00";"executada";"saída";"1";"171.945,00";"-360,00";"-0,21";"-72,00"
"13653246053";"11/08/2026 / 09:07:10";"WINQ26";"C";"1";"172.305,00";"executada";"entrada";"1";"172.305,00";"-";"-";"-"
"13653246052";"10/08/2026 / 09:10:10";"WINQ26";"V";"1";"173.040,00";"executada";"saída";"1";"173.040,00";"-375,00";"-0,22";"-75,00"
"13653246051";"10/08/2026 / 09:06:36";"WINQ26";"C";"1";"173.415,00";"executada";"entrada";"1";"173.415,00";"-";"-";"-"
"13653246050";"10/08/2026 / 09:06:25";"WINQ26";"C";"1";"173.400,00";"executada";"saída";"1";"173.400,00";"-115,00";"-0,07";"-23,00"
"13653246049";"10/08/2026 / 09:04:21";"WINQ26";"V";"1";"173.285,00";"executada";"entrada";"1";"173.285,00";"-";"-";"-"
"13653246048";"07/08/2026 / 09:04:12";"WINQ26";"C";"1";"176.130,00";"executada";"saída";"1";"176.130,00";"20,00";"0,01";"4,00"
"13653246047";"07/08/2026 / 09:04:10";"WINQ26";"V";"1";"176.150,00";"executada";"entrada";"1";"176.150,00";"-";"-";"-"
"13653246046";"06/08/2026 / 09:04:53";"WINQ26";"C";"1";"177.500,00";"executada";"saída";"1";"177.500,00";"455,00";"0,26";"91,00"
"13653246045";"06/08/2026 / 09:03:42";"WINQ26";"V";"1";"177.955,00";"executada";"entrada";"1";"177.955,00";"-";"-";"-"
"13653246044";"05/08/2026 / 09:06:47";"WINQ26";"C";"1";"179.010,00";"executada";"saída";"1";"179.010,00";"100,00";"0,06";"20,00"
"13653246043";"05/08/2026 / 09:03:32";"WINQ26";"V";"1";"179.110,00";"executada";"entrada";"1";"179.110,00";"-";"-";"-"
"13653246042";"04/08/2026 / 09:06:26";"WINQ26";"C";"1";"180.140,00";"executada";"saída";"1";"180.140,00";"-695,00";"-0,39";"-139,00"
"13653246041";"04/08/2026 / 09:04:00";"WINQ26";"V";"1";"179.445,00";"executada";"entrada";"1";"179.445,00";"-";"-";"-"
"13653246040";"03/08/2026 / 09:37:38";"WINQ26";"V";"1";"179.020,00";"executada";"saída";"1";"179.020,00";"190,00";"0,11";"38,00"
"13653246039";"03/08/2026 / 09:15:36";"WINQ26";"C";"1";"178.830,00";"executada";"entrada";"1";"178.830,00";"-";"-";"-"
"13653246038";"30/07/2026 / 09:03:42";"WINQ26";"V";"1";"175.455,00";"executada";"saída";"1";"175.455,00";"240,00";"0,14";"48,00"
"13653246037";"30/07/2026 / 09:01:06";"WINQ26";"C";"1";"175.215,00";"executada";"entrada";"1";"175.215,00";"-";"-";"-"
"13653246036";"29/07/2026 / 09:03:12";"WINQ26";"V";"1";"177.455,00";"executada";"saída";"1";"177.455,00";"-700,00";"-0,39";"-140,00"
"13653246035";"29/07/2026 / 09:01:49";"WINQ26";"C";"1";"178.155,00";"executada";"entrada";"1";"178.155,00";"-";"-";"-"
"13653246034";"28/07/2026 / 09:04:57";"WINQ26";"V";"1";"178.500,00";"executada";"saída";"1";"178.500,00";"710,00";"0,40";"142,00"
"13653246033";"28/07/2026 / 09:01:36";"WINQ26";"C";"1";"177.790,00";"executada";"entrada";"1";"177.790,00";"-";"-";"-"
"13653246032";"27/07/2026 / 09:04:45";"WINQ26";"C";"1";"176.025,00";"executada";"saída";"1";"176.025,00";"60,00";"0,03";"12,00"
"13653246031";"27/07/2026 / 09:03:45";"WINQ26";"V";"1";"176.085,00";"executada";"entrada";"1";"176.085,00";"-";"-";"-"
"13653246030";"24/07/2026 / 09:43:16";"WINQ26";"V";"1";"176.265,00";"executada";"saída";"1";"176.265,00";"-520,00";"-0,29";"-104,00"
"13653246029";"24/07/2026 / 09:06:34";"WINQ26";"C";"1";"176.785,00";"executada";"entrada";"1";"176.785,00";"-";"-";"-"
"13653246028";"23/07/2026 / 09:08:15";"WINQ26";"V";"1";"178.355,00";"executada";"saída";"1";"178.355,00";"165,00";"0,09";"33,00"
"13653246027";"23/07/2026 / 09:04:46";"WINQ26";"C";"1";"178.190,00";"executada";"entrada";"1";"178.190,00";"-";"-";"-"
"13653246026";"22/07/2026 / 09:12:11";"WINQ26";"V";"1";"175.280,00";"executada";"saída";"1";"175.280,00";"250,00";"0,14";"50,00"
"13653246025";"22/07/2026 / 09:04:15";"WINQ26";"C";"1";"175.030,00";"executada";"entrada";"1";"175.030,00";"-";"-";"-"
"13653246024";"21/07/2026 / 09:04:28";"WINQ26";"C";"1";"174.730,00";"executada";"saída";"1";"174.730,00";"330,00";"0,19";"66,00"
"13653246023";"21/07/2026 / 09:03:12";"WINQ26";"V";"1";"175.060,00";"executada";"entrada";"1";"175.060,00";"-";"-";"-"
"13653246022";"20/07/2026 / 09:04:06";"WINQ26";"C";"1";"175.285,00";"executada";"saída";"1";"175.285,00";"-15,00";"-0,01";"-3,00"
"13653246021";"20/07/2026 / 09:03:06";"WINQ26";"V";"1";"175.270,00";"executada";"entrada";"1";"175.270,00";"-";"-";"-"
"13653246020";"17/07/2026 / 10:34:36";"WINQ26";"V";"1";"175.445,00";"executada";"saída";"1";"175.445,00";"170,00";"0,10";"34,00"
"13653246019";"17/07/2026 / 09:08:20";"WINQ26";"C";"1";"175.275,00";"executada";"entrada";"1";"175.275,00";"-";"-";"-"
"13653246018";"16/07/2026 / 09:47:21";"WINQ26";"C";"1";"177.565,00";"executada";"saída";"1";"177.565,00";"5,00";"0,00";"1,00"
"13653246017";"16/07/2026 / 09:34:20";"WINQ26";"V";"1";"177.570,00";"executada";"entrada";"1";"177.570,00";"-";"-";"-"
"13653246016";"16/07/2026 / 09:06:51";"WINQ26";"V";"1";"178.660,00";"executada";"saída";"1";"178.660,00";"375,00";"0,21";"75,00"
"13653246015";"16/07/2026 / 09:05:42";"WINQ26";"C";"1";"178.285,00";"executada";"entrada";"1";"178.285,00";"-";"-";"-"
"13653246014";"15/07/2026 / 09:05:25";"WINQ26";"V";"1";"177.250,00";"executada";"saída";"1";"177.250,00";"-490,00";"-0,28";"-98,00"
"13653246013";"15/07/2026 / 09:03:19";"WINQ26";"C";"1";"177.740,00";"executada";"entrada";"1";"177.740,00";"-";"-";"-"
"13653246012";"14/07/2026 / 09:08:54";"WINQ26";"C";"1";"177.455,00";"executada";"saída";"1";"177.455,00";"490,00";"0,28";"98,00"
"13653246011";"14/07/2026 / 09:03:54";"WINQ26";"V";"1";"177.945,00";"executada";"entrada";"1";"177.945,00";"-";"-";"-"
"13653246010";"13/07/2026 / 09:19:51";"WINQ26";"V";"1";"179.880,00";"executada";"saída";"1";"179.880,00";"110,00";"0,06";"22,00"
"13653246009";"13/07/2026 / 09:07:50";"WINQ26";"C";"1";"179.770,00";"executada";"entrada";"1";"179.770,00";"-";"-";"-"
"13653246008";"10/07/2026 / 09:14:37";"WINQ26";"V";"1";"177.495,00";"executada";"saída";"1";"177.495,00";"740,00";"0,42";"148,00"
"13653246007";"10/07/2026 / 09:05:02";"WINQ26";"C";"1";"176.755,00";"executada";"entrada";"1";"176.755,00";"-";"-";"-"
"13653246006";"09/07/2026 / 09:02:42";"WINQ26";"V";"1";"173.040,00";"executada";"saída";"1";"173.040,00";"540,00";"0,31";"108,00"
"13653246005";"09/07/2026 / 09:01:25";"WINQ26";"C";"1";"172.500,00";"executada";"entrada";"1";"172.500,00";"-";"-";"-"
"13653246004";"08/07/2026 / 09:04:09";"WINQ26";"V";"1";"173.485,00";"executada";"saída";"1";"173.485,00";"640,00";"0,37";"128,00"
"13653246003";"08/07/2026 / 09:01:44";"WINQ26";"C";"1";"172.845,00";"executada";"entrada";"1";"172.845,00";"-";"-";"-"
"13653246002";"07/07/2026 / 09:16:07";"WINQ26";"V";"1";"175.475,00";"executada";"saída";"1";"175.475,00";"-100,00";"-0,06";"-20,00"
"13653246001";"07/07/2026 / 09:10:55";"WINQ26";"C";"1";"175.575,00";"executada";"entrada";"1";"175.575,00";"-";"-";"-"
"13653246000";"07/07/2026 / 09:06:36";"WINQ26";"V";"1";"175.340,00";"executada";"saída";"1";"175.340,00";"255,00";"0,15";"51,00"
"13653245999";"07/07/2026 / 09:04:45";"WINQ26";"C";"1";"175.085,00";"executada";"entrada";"1";"175.085,00";"-";"-";"-"
"13653245998";"06/07/2026 / 09:29:52";"WINQ26";"C";"1";"175.260,00";"executada";"saída";"1";"175.260,00";"185,00";"0,11";"37,00"
"13653245997";"06/07/2026 / 09:07:34";"WINQ26";"V";"1";"175.445,00";"executada";"entrada";"1";"175.445,00";"-";"-";"-"
"13653245996";"03/07/2026 / 09:08:00";"WINQ26";"V";"1";"176.420,00";"executada";"saída";"1";"176.420,00";"650,00";"0,37";"130,00"
"13653245995";"03/07/2026 / 09:03:24";"WINQ26";"C";"1";"175.770,00";"executada";"entrada";"1";"175.770,00";"-";"-";"-"
"13653245994";"02/07/2026 / 09:04:06";"WINQ26";"V";"1";"174.515,00";"executada";"saída";"1";"174.515,00";"360,00";"0,21";"72,00"
"13653245993";"02/07/2026 / 09:01:30";"WINQ26";"C";"1";"174.155,00";"executada";"entrada";"1";"174.155,00";"-";"-";"-"
"13653245992";"01/07/2026 / 09:02:46";"WINQ26";"C";"1";"173.475,00";"executada";"saída";"1";"173.475,00";"585,00";"0,34";"117,00"
"13653245991";"01/07/2026 / 09:01:40";"WINQ26";"V";"1";"174.060,00";"executada";"entrada";"1";"174.060,00";"-";"-";"-"
"13653245990";"30/06/2026 / 09:05:23";"WINQ26";"C";"1";"175.915,00";"executada";"saída";"1";"175.915,00";"-195,00";"-0,11";"-39,00"
"13653245989";"30/06/2026 / 09:03:35";"WINQ26";"V";"1";"175.720,00";"executada";"entrada";"1";"175.720,00";"-";"-";"-"
"13653245988";"29/06/2026 / 09:04:35";"WINQ26";"V";"1";"176.790,00";"executada";"saída";"1";"176.790,00";"210,00";"0,12";"42,00"
"13653245987";"29/06/2026 / 09:03:17";"WINQ26";"C";"1";"176.580,00";"executada";"entrada";"1";"176.580,00";"-";"-";"-"
"13653245986";"26/06/2026 / 09:06:25";"WINQ26";"V";"1";"174.655,00";"executada";"saída";"1";"174.655,00";"265,00";"0,15";"53,00"
"13653245985";"26/06/2026 / 09:02:13";"WINQ26";"C";"1";"174.390,00";"executada";"entrada";"1";"174.390,00";"-";"-";"-"
"13653245984";"25/06/2026 / 09:04:54";"WINQ26";"V";"1";"173.950,00";"executada";"saída";"1";"173.950,00";"-710,00";"-0,41";"-142,00"
"13653245983";"25/06/2026 / 09:03:44";"WINQ26";"C";"1";"174.660,00";"executada";"entrada";"1";"174.660,00";"-";"-";"-"
"13653245982";"24/06/2026 / 09:04:23";"WINQ26";"V";"1";"173.890,00";"executada";"saída";"1";"173.890,00";"-735,00";"-0,42";"-147,00"
"13653245981";"24/06/2026 / 09:03:29";"WINQ26";"C";"1";"174.625,00";"executada";"entrada";"1";"174.625,00";"-";"-";"-"
"13653245980";"23/06/2026 / 09:04:18";"WINQ26";"V";"1";"171.780,00";"executada";"saída";"1";"171.780,00";"-665,00";"-0,39";"-133,00"
"13653245979";"23/06/2026 / 09:03:34";"WINQ26";"C";"1";"172.445,00";"executada";"entrada";"1";"172.445,00";"-";"-";"-"
"13653245978";"22/06/2026 / 09:02:09";"WINQ26";"C";"1";"170.550,00";"executada";"saída";"1";"170.550,00";"590,00";"0,34";"118,00"
"13653245977";"22/06/2026 / 09:01:17";"WINQ26";"V";"1";"171.140,00";"executada";"entrada";"1";"171.140,00";"-";"-";"-"
"13653245976";"19/06/2026 / 09:04:35";"WINQ26";"V";"1";"171.365,00";"executada";"saída";"1";"171.365,00";"90,00";"0,05";"18,00"
"13653245975";"19/06/2026 / 09:03:44";"WINQ26";"C";"1";"171.275,00";"executada";"entrada";"1";"171.275,00";"-";"-";"-"
"13653245974";"18/06/2026 / 09:04:01";"WINQ26";"V";"1";"171.200,00";"executada";"saída";"1";"171.200,00";"-575,00";"-0,33";"-115,00"
"13653245973";"18/06/2026 / 09:03:04";"WINQ26";"C";"1";"171.775,00";"executada";"entrada";"1";"171.775,00";"-";"-";"-"
"13653245972";"17/06/2026 / 09:04:14";"WINQ26";"C";"1";"172.585,00";"executada";"saída";"1";"172.585,00";"225,00";"0,13";"45,00"
"13653245971";"17/06/2026 / 09:03:14";"WINQ26";"V";"1";"172.810,00";"executada";"entrada";"1";"172.810,00";"-";"-";"-"
"13653245970";"16/06/2026 / 09:04:20";"WINM26";"V";"1";"170.315,00";"executada";"saída";"1";"170.315,00";"-470,00";"-0,28";"-94,00"
"13653245969";"16/06/2026 / 09:01:32";"WINM26";"C";"1";"170.785,00";"executada";"entrada";"1";"170.785,00";"-";"-";"-"
"13653245968";"15/06/2026 / 09:21:19";"WINM26";"V";"1";"172.895,00";"executada";"saída";"1";"172.895,00";"270,00";"0,16";"54,00"
"13653245967";"15/06/2026 / 09:14:15";"WINM26";"C";"1";"172.625,00";"executada";"entrada";"1";"172.625,00";"-";"-";"-"
"13653245966";"12/06/2026 / 09:04:27";"WINM26";"C";"1";"171.165,00";"executada";"saída";"1";"171.165,00";"445,00";"0,26";"89,00"
"13653245965";"12/06/2026 / 09:03:48";"WINM26";"V";"1";"171.610,00";"executada";"entrada";"1";"171.610,00";"-";"-";"-"
"13653245964";"11/06/2026 / 09:06:12";"WINM26";"V";"1";"169.825,00";"executada";"saída";"1";"169.825,00";"160,00";"0,09";"32,00"
"13653245963";"11/06/2026 / 09:03:01";"WINM26";"C";"1";"169.665,00";"executada";"entrada";"1";"169.665,00";"-";"-";"-"
"13653245962";"10/06/2026 / 09:05:13";"WINM26";"V";"1";"168.735,00";"executada";"saída";"1";"168.735,00";"40,00";"0,02";"8,00"
"13653245961";"10/06/2026 / 09:04:17";"WINM26";"C";"1";"168.695,00";"executada";"entrada";"1";"168.695,00";"-";"-";"-"
"13653245960";"10/06/2026 / 09:03:59";"WINM26";"C";"1";"168.835,00";"executada";"saída";"1";"168.835,00";"200,00";"0,12";"40,00"
"13653245959";"10/06/2026 / 09:03:13";"WINM26";"V";"1";"169.035,00";"executada";"entrada";"1";"169.035,00";"-";"-";"-"
"13653245958";"09/06/2026 / 09:09:23";"WINM26";"V";"1";"170.575,00";"executada";"saída";"1";"170.575,00";"150,00";"0,09";"30,00"
"13653245957";"09/06/2026 / 09:07:00";"WINM26";"C";"1";"170.425,00";"executada";"entrada";"1";"170.425,00";"-";"-";"-"
"13653245956";"08/06/2026 / 09:25:09";"WINM26";"C";"1";"170.125,00";"executada";"saída";"1";"170.125,00";"-520,00";"-0,31";"-104,00"
"13653245955";"08/06/2026 / 09:05:54";"WINM26";"V";"1";"169.605,00";"executada";"entrada";"1";"169.605,00";"-";"-";"-"
"13653245954";"05/06/2026 / 09:02:09";"WINM26";"C";"1";"171.395,00";"executada";"saída";"1";"171.395,00";"225,00";"0,13";"45,00"
"13653245953";"05/06/2026 / 09:01:13";"WINM26";"V";"1";"171.620,00";"executada";"entrada";"1";"171.620,00";"-";"-";"-"
"13653245952";"03/06/2026 / 09:04:23";"WINM26";"V";"1";"173.940,00";"executada";"saída";"1";"173.940,00";"-475,00";"-0,27";"-95,00"
"13653245951";"03/06/2026 / 09:03:21";"WINM26";"C";"1";"174.415,00";"executada";"entrada";"1";"174.415,00";"-";"-";"-"
"13653245950";"02/06/2026 / 09:06:09";"WINM26";"C";"1";"173.285,00";"executada";"saída";"1";"173.285,00";"195,00";"0,11";"39,00"
"13653245949";"02/06/2026 / 09:03:17";"WINM26";"V";"1";"173.480,00";"executada";"entrada";"1";"173.480,00";"-";"-";"-"
"13653245948";"01/06/2026 / 09:01:49";"WINM26";"C";"1";"175.280,00";"executada";"saída";"1";"175.280,00";"100,00";"0,06";"20,00"
"13653245947";"01/06/2026 / 09:01:16";"WINM26";"V";"1";"175.380,00";"executada";"entrada";"1";"175.380,00";"-";"-";"-"
"13653245946";"29/05/2026 / 09:10:16";"WINM26";"C";"1";"175.985,00";"executada";"saída";"1";"175.985,00";"115,00";"0,07";"23,00"
"13653245945";"29/05/2026 / 09:03:20";"WINM26";"V";"1";"176.100,00";"executada";"entrada";"1";"176.100,00";"-";"-";"-"
"13653245944";"28/05/2026 / 09:06:20";"WINM26";"C";"1";"175.905,00";"executada";"saída";"1";"175.905,00";"95,00";"0,05";"19,00"
"13653245943";"28/05/2026 / 09:03:48";"WINM26";"V";"1";"176.000,00";"executada";"entrada";"1";"176.000,00";"-";"-";"-"
"13653245942";"27/05/2026 / 09:02:46";"WINM26";"V";"1";"177.970,00";"executada";"saída";"1";"177.970,00";"425,00";"0,24";"85,00"
"13653245941";"27/05/2026 / 09:01:15";"WINM26";"C";"1";"177.545,00";"executada";"entrada";"1";"177.545,00";"-";"-";"-"
"13653245940";"26/05/2026 / 09:02:21";"WINM26";"V";"1";"179.080,00";"executada";"saída";"1";"179.080,00";"290,00";"0,16";"58,00"
"13653245939";"26/05/2026 / 09:01:16";"WINM26";"C";"1";"178.790,00";"executada";"entrada";"1";"178.790,00";"-";"-";"-"
"13653245938";"25/05/2026 / 09:03:04";"WINM26";"C";"1";"179.855,00";"executada";"saída";"1";"179.855,00";"-500,00";"-0,28";"-100,00"
"13653245937";"25/05/2026 / 09:01:15";"WINM26";"V";"1";"179.355,00";"executada";"entrada";"1";"179.355,00";"-";"-";"-"
"13653245936";"22/05/2026 / 09:13:13";"WINM26";"V";"1";"178.595,00";"executada";"saída";"1";"178.595,00";"110,00";"0,06";"22,00"
"13653245935";"22/05/2026 / 09:01:33";"WINM26";"C";"1";"178.485,00";"executada";"entrada";"1";"178.485,00";"-";"-";"-"
"13653245934";"21/05/2026 / 09:30:38";"WINM26";"V";"1";"177.550,00";"executada";"saída";"1";"177.550,00";"-510,00";"-0,29";"-102,00"
"13653245933";"21/05/2026 / 09:06:13";"WINM26";"C";"1";"178.060,00";"executada";"entrada";"1";"178.060,00";"-";"-";"-"
"13653245932";"20/05/2026 / 09:04:08";"WINM26";"C";"1";"177.100,00";"executada";"saída";"1";"177.100,00";"-500,00";"-0,28";"-100,00"
"13653245931";"20/05/2026 / 09:01:33";"WINM26";"V";"1";"176.600,00";"executada";"entrada";"1";"176.600,00";"-";"-";"-"
"13653245930";"19/05/2026 / 09:09:21";"WINM26";"V";"1";"177.700,00";"executada";"saída";"1";"177.700,00";"-510,00";"-0,29";"-102,00"
"13653245929";"19/05/2026 / 09:03:25";"WINM26";"C";"1";"178.210,00";"executada";"entrada";"1";"178.210,00";"-";"-";"-"
"13653245928";"18/05/2026 / 09:14:53";"WINM26";"V";"1";"178.240,00";"executada";"saída";"1";"178.240,00";"-500,00";"-0,28";"-100,00"
"13653245927";"18/05/2026 / 09:02:26";"WINM26";"C";"1";"178.740,00";"executada";"entrada";"1";"178.740,00";"-";"-";"-"
"13653245926";"15/05/2026 / 09:01:26";"WINM26";"C";"1";"178.595,00";"executada";"saída";"1";"178.595,00";"310,00";"0,17";"62,00"
"13653245925";"15/05/2026 / 09:00:56";"WINM26";"V";"1";"178.905,00";"executada";"entrada";"1";"178.905,00";"-";"-";"-"
"13653245924";"14/05/2026 / 09:05:32";"WINM26";"C";"1";"180.160,00";"executada";"saída";"1";"180.160,00";"-540,00";"-0,30";"-108,00"
"13653245923";"14/05/2026 / 09:04:05";"WINM26";"V";"1";"179.620,00";"executada";"entrada";"1";"179.620,00";"-";"-";"-"
"13653245922";"13/05/2026 / 09:02:57";"WINM26";"V";"1";"182.080,00";"executada";"saída";"1";"182.080,00";"-450,00";"-0,25";"-90,00"
"13653245921";"13/05/2026 / 09:01:42";"WINM26";"C";"1";"182.530,00";"executada";"entrada";"1";"182.530,00";"-";"-";"-"
"13653245920";"12/05/2026 / 09:03:34";"WINM26";"V";"1";"183.725,00";"executada";"saída";"1";"183.725,00";"415,00";"0,23";"83,00"
"13653245919";"12/05/2026 / 09:01:02";"WINM26";"C";"1";"183.310,00";"executada";"entrada";"1";"183.310,00";"-";"-";"-"
"13653245918";"11/05/2026 / 09:07:10";"WINM26";"C";"1";"185.900,00";"executada";"saída";"1";"185.900,00";"605,00";"0,32";"121,00"
"13653245917";"11/05/2026 / 09:01:40";"WINM26";"V";"1";"186.505,00";"executada";"entrada";"1";"186.505,00";"-";"-";"-"
"13653245916";"08/05/2026 / 09:10:23";"WINM26";"C";"1";"186.465,00";"executada";"saída";"1";"186.465,00";"-515,00";"-0,28";"-103,00"
"13653245915";"08/05/2026 / 09:01:16";"WINM26";"V";"1";"185.950,00";"executada";"entrada";"1";"185.950,00";"-";"-";"-"
"13653245914";"07/05/2026 / 09:49:44";"WINM26";"C";"1";"189.545,00";"executada";"saída";"1";"189.545,00";"130,00";"0,07";"26,00"
"13653245913";"07/05/2026 / 09:36:36";"WINM26";"V";"1";"189.675,00";"executada";"entrada";"1";"189.675,00";"-";"-";"-"
"13653245912";"07/05/2026 / 09:35:12";"WINM26";"V";"1";"189.680,00";"executada";"saída";"1";"189.680,00";"105,00";"0,06";"21,00"
"13653245911";"07/05/2026 / 09:09:03";"WINM26";"C";"1";"189.575,00";"executada";"entrada";"1";"189.575,00";"-";"-";"-"
"13653245910";"06/05/2026 / 09:22:42";"WINM26";"C";"1";"191.735,00";"executada";"saída";"1";"191.735,00";"-500,00";"-0,26";"-100,00"
"13653245909";"06/05/2026 / 09:03:38";"WINM26";"V";"1";"191.235,00";"executada";"entrada";"1";"191.235,00";"-";"-";"-"
"13653245908";"05/05/2026 / 09:06:04";"WINM26";"C";"1";"188.720,00";"executada";"saída";"1";"188.720,00";"225,00";"0,12";"45,00"
"13653245907";"05/05/2026 / 09:03:25";"WINM26";"V";"1";"188.945,00";"executada";"entrada";"1";"188.945,00";"-";"-";"-"
"13653245906";"04/05/2026 / 09:20:01";"WINM26";"C";"1";"190.760,00";"executada";"saída";"1";"190.760,00";"-505,00";"-0,27";"-101,00"
"13653245905";"04/05/2026 / 09:07:38";"WINM26";"V";"1";"190.255,00";"executada";"entrada";"1";"190.255,00";"-";"-";"-"
"13653245904";"30/04/2026 / 09:06:04";"WINM26";"C";"1";"188.995,00";"executada";"saída";"1";"188.995,00";"-505,00";"-0,27";"-101,00"
"13653245903";"30/04/2026 / 09:03:02";"WINM26";"V";"1";"188.490,00";"executada";"entrada";"1";"188.490,00";"-";"-";"-"
"13653245902";"29/04/2026 / 09:17:05";"WINM26";"V";"1";"191.150,00";"executada";"saída";"1";"191.150,00";"105,00";"0,06";"21,00"
"13653245901";"29/04/2026 / 09:04:37";"WINM26";"C";"1";"191.045,00";"executada";"entrada";"1";"191.045,00";"-";"-";"-"
"13653245900";"28/04/2026 / 09:36:19";"WINM26";"C";"1";"191.405,00";"executada";"saída";"1";"191.405,00";"85,00";"0,04";"17,00"
"13653245899";"28/04/2026 / 09:10:50";"WINM26";"V";"1";"191.490,00";"executada";"entrada";"1";"191.490,00";"-";"-";"-"
"13653245898";"28/04/2026 / 09:09:50";"WINM26";"V";"1";"191.480,00";"executada";"saída";"1";"191.480,00";"55,00";"0,03";"11,00"
"13653245897";"28/04/2026 / 09:06:47";"WINM26";"C";"1";"191.425,00";"executada";"entrada";"1";"191.425,00";"-";"-";"-"
"13653245896";"27/04/2026 / 09:12:16";"WINM26";"C";"1";"194.710,00";"executada";"saída";"1";"194.710,00";"510,00";"0,26";"102,00"
"13653245895";"27/04/2026 / 09:03:22";"WINM26";"V";"1";"195.220,00";"executada";"entrada";"1";"195.220,00";"-";"-";"-"
"13653245894";"24/04/2026 / 09:27:03";"WINM26";"C";"1";"194.865,00";"executada";"saída";"1";"194.865,00";"200,00";"0,10";"40,00"
"13653245893";"24/04/2026 / 09:13:54";"WINM26";"V";"1";"195.065,00";"executada";"entrada";"1";"195.065,00";"-";"-";"-"
"13653245892";"23/04/2026 / 10:21:52";"WINM26";"V";"1";"196.680,00";"executada";"saída";"1";"196.680,00";"465,00";"0,24";"93,00"
"13653245891";"23/04/2026 / 09:20:51";"WINM26";"C";"1";"196.215,00";"executada";"entrada";"1";"196.215,00";"-";"-";"-"
"13653245890";"23/04/2026 / 09:17:13";"WINM26";"C";"1";"196.485,00";"executada";"saída";"1";"196.485,00";"-250,00";"-0,13";"-50,00"
"13653245889";"23/04/2026 / 09:03:34";"WINM26";"V";"1";"196.235,00";"executada";"entrada";"1";"196.235,00";"-";"-";"-"
"13653245888";"22/04/2026 / 09:05:49";"WINM26";"C";"1";"199.710,00";"executada";"saída";"1";"199.710,00";"920,00";"0,46";"184,00"
"13653245887";"22/04/2026 / 09:03:30";"WINM26";"V";"1";"200.630,00";"executada";"entrada";"1";"200.630,00";"-";"-";"-"
"13653245886";"20/04/2026 / 09:10:53";"WINM26";"C";"1";"199.905,00";"executada";"saída";"1";"199.905,00";"-520,00";"-0,26";"-104,00"
"13653245885";"20/04/2026 / 09:01:15";"WINM26";"V";"1";"199.385,00";"executada";"entrada";"1";"199.385,00";"-";"-";"-"
"13653245884";"17/04/2026 / 09:25:49";"WINM26";"C";"1";"201.945,00";"executada";"saída";"1";"201.945,00";"-520,00";"-0,26";"-104,00"
"13653245883";"17/04/2026 / 09:03:44";"WINM26";"V";"1";"201.425,00";"executada";"entrada";"1";"201.425,00";"-";"-";"-"
"13653245882";"16/04/2026 / 09:10:24";"WINM26";"V";"1";"202.460,00";"executada";"saída";"1";"202.460,00";"245,00";"0,12";"49,00"
"13653245881";"16/04/2026 / 09:03:30";"WINM26";"C";"1";"202.215,00";"executada";"entrada";"1";"202.215,00";"-";"-";"-"
"13653245880";"15/04/2026 / 09:05:01";"WINM26";"C";"1";"202.390,00";"executada";"saída";"1";"202.390,00";"250,00";"0,12";"50,00"
"13653245879";"15/04/2026 / 09:03:21";"WINM26";"V";"1";"202.640,00";"executada";"entrada";"1";"202.640,00";"-";"-";"-"
"13653245878";"14/04/2026 / 09:01:32";"WINJ26";"V";"1";"198.975,00";"executada";"saída";"1";"198.975,00";"185,00";"0,09";"37,00"
"13653245877";"14/04/2026 / 09:01:04";"WINJ26";"C";"1";"198.790,00";"executada";"entrada";"1";"198.790,00";"-";"-";"-"
"13653245876";"13/04/2026 / 09:06:38";"WINJ26";"V";"1";"196.460,00";"executada";"saída";"1";"196.460,00";"120,00";"0,06";"24,00"
"13653245875";"13/04/2026 / 09:04:24";"WINJ26";"C";"1";"196.340,00";"executada";"entrada";"1";"196.340,00";"-";"-";"-"
"13653245874";"10/04/2026 / 09:02:58";"WINJ26";"V";"1";"196.265,00";"executada";"saída";"1";"196.265,00";"95,00";"0,05";"19,00"
"13653245873";"10/04/2026 / 09:01:17";"WINJ26";"C";"1";"196.170,00";"executada";"entrada";"1";"196.170,00";"-";"-";"-"
"13653245872";"09/04/2026 / 09:30:45";"WINJ26";"C";"1";"193.315,00";"executada";"saída";"1";"193.315,00";"-520,00";"-0,27";"-104,00"
"13653245871";"09/04/2026 / 09:10:21";"WINJ26";"V";"1";"192.795,00";"executada";"entrada";"1";"192.795,00";"-";"-";"-"
"13653245870";"08/04/2026 / 09:05:31";"WINJ26";"V";"1";"194.025,00";"executada";"saída";"1";"194.025,00";"-610,00";"-0,31";"-122,00"
"13653245869";"08/04/2026 / 09:03:46";"WINJ26";"C";"1";"194.635,00";"executada";"entrada";"1";"194.635,00";"-";"-";"-"
"13653245868";"07/04/2026 / 09:10:22";"WINJ26";"C";"1";"188.040,00";"executada";"saída";"1";"188.040,00";"365,00";"0,19";"73,00"
"13653245867";"07/04/2026 / 09:01:23";"WINJ26";"V";"1";"188.405,00";"executada";"entrada";"1";"188.405,00";"-";"-";"-"
"13653245866";"06/04/2026 / 09:08:38";"WINJ26";"V";"1";"189.705,00";"executada";"saída";"1";"189.705,00";"270,00";"0,14";"54,00"
"13653245865";"06/04/2026 / 09:03:39";"WINJ26";"C";"1";"189.435,00";"executada";"entrada";"1";"189.435,00";"-";"-";"-"
"13653245864";"02/04/2026 / 09:04:42";"WINJ26";"C";"1";"186.115,00";"executada";"saída";"1";"186.115,00";"200,00";"0,11";"40,00"
"13653245863";"02/04/2026 / 09:04:21";"WINJ26";"V";"1";"186.315,00";"executada";"entrada";"1";"186.315,00";"-";"-";"-"
"13653245862";"01/04/2026 / 09:11:53";"WINJ26";"V";"1";"189.335,00";"executada";"saída";"1";"189.335,00";"5,00";"0,00";"1,00"
"13653245861";"01/04/2026 / 09:09:27";"WINJ26";"C";"1";"189.330,00";"executada";"entrada";"1";"189.330,00";"-";"-";"-"
"13653245860";"31/03/2026 / 09:02:38";"WINJ26";"V";"1";"186.025,00";"executada";"saída";"1";"186.025,00";"-10,00";"-0,01";"-2,00"
"13653245859";"31/03/2026 / 09:02:05";"WINJ26";"C";"1";"186.035,00";"executada";"entrada";"1";"186.035,00";"-";"-";"-"
"13653245858";"30/03/2026 / 09:47:42";"WINJ26";"V";"1";"184.060,00";"executada";"saída";"1";"184.060,00";"1.455,00";"0,80";"291,00"
"13653245857";"30/03/2026 / 09:07:52";"WINJ26";"C";"1";"182.605,00";"executada";"entrada";"1";"182.605,00";"-";"-";"-"
"13653245856";"27/03/2026 / 09:03:06";"WINJ26";"V";"1";"183.225,00";"executada";"saída";"1";"183.225,00";"-510,00";"-0,28";"-102,00"
"13653245855";"27/03/2026 / 09:01:36";"WINJ26";"C";"1";"183.735,00";"executada";"entrada";"1";"183.735,00";"-";"-";"-"
"13653245854";"26/03/2026 / 09:04:35";"WINJ26";"V";"1";"184.885,00";"executada";"saída";"1";"184.885,00";"-90,00";"-0,05";"-18,00"
"13653245853";"26/03/2026 / 09:02:51";"WINJ26";"C";"1";"184.975,00";"executada";"entrada";"1";"184.975,00";"-";"-";"-"
"13653245852";"25/03/2026 / 09:05:04";"WINJ26";"C";"1";"187.155,00";"executada";"saída";"1";"187.155,00";"-200,00";"-0,11";"-40,00"
"13653245851";"25/03/2026 / 09:04:12";"WINJ26";"V";"1";"186.955,00";"executada";"entrada";"1";"186.955,00";"-";"-";"-"
"13653245850";"24/03/2026 / 09:08:40";"WINJ26";"V";"1";"182.910,00";"executada";"saída";"1";"182.910,00";"-420,00";"-0,23";"-84,00"
"13653245849";"24/03/2026 / 09:01:21";"WINJ26";"C";"1";"183.330,00";"executada";"entrada";"1";"183.330,00";"-";"-";"-"
"13653245848";"23/03/2026 / 09:04:45";"WINJ26";"C";"1";"178.535,00";"executada";"saída";"1";"178.535,00";"245,00";"0,14";"49,00"
"13653245847";"23/03/2026 / 09:03:33";"WINJ26";"V";"1";"178.780,00";"executada";"entrada";"1";"178.780,00";"-";"-";"-"
"13653245846";"20/03/2026 / 09:11:01";"WINJ26";"V";"1";"180.965,00";"executada";"saída";"1";"180.965,00";"330,00";"0,18";"66,00"
"13653245845";"20/03/2026 / 09:01:51";"WINJ26";"C";"1";"180.635,00";"executada";"entrada";"1";"180.635,00";"-";"-";"-"
"13653245844";"19/03/2026 / 09:02:29";"WINJ26";"C";"1";"179.910,00";"executada";"saída";"1";"179.910,00";"75,00";"0,04";"15,00"
"13653245843";"19/03/2026 / 09:02:20";"WINJ26";"V";"1";"179.985,00";"executada";"entrada";"1";"179.985,00";"-";"-";"-"
"13653245842";"17/03/2026 / 09:05:58";"WINJ26";"V";"1";"181.785,00";"executada";"saída";"1";"181.785,00";"520,00";"0,29";"104,00"
"13653245841";"17/03/2026 / 09:03:21";"WINJ26";"C";"1";"181.265,00";"executada";"entrada";"1";"181.265,00";"-";"-";"-"
"13653245840";"16/03/2026 / 09:03:59";"WINJ26";"C";"1";"181.555,00";"executada";"saída";"1";"181.555,00";"225,00";"0,12";"45,00"
"13653245839";"16/03/2026 / 09:02:13";"WINJ26";"V";"1";"181.780,00";"executada";"entrada";"1";"181.780,00";"-";"-";"-"
"13653245838";"13/03/2026 / 09:02:20";"WINJ26";"V";"1";"181.915,00";"executada";"saída";"1";"181.915,00";"160,00";"0,09";"32,00"
"13653245837";"13/03/2026 / 09:01:27";"WINJ26";"C";"1";"181.755,00";"executada";"entrada";"1";"181.755,00";"-";"-";"-"
"13653245836";"12/03/2026 / 09:02:17";"WINJ26";"V";"1";"184.645,00";"executada";"saída";"1";"184.645,00";"-70,00";"-0,04";"-14,00"
"13653245835";"12/03/2026 / 09:02:10";"WINJ26";"C";"1";"184.715,00";"executada";"entrada";"1";"184.715,00";"-";"-";"-"
"13653245834";"11/03/2026 / 09:02:19";"WINJ26";"C";"1";"186.045,00";"executada";"saída";"1";"186.045,00";"10,00";"0,01";"2,00"
"13653245833";"11/03/2026 / 09:01:37";"WINJ26";"V";"1";"186.055,00";"executada";"entrada";"1";"186.055,00";"-";"-";"-"
"13653245832";"10/03/2026 / 09:02:58";"WINJ26";"V";"1";"183.555,00";"executada";"saída";"1";"183.555,00";"-500,00";"-0,27";"-100,00"
"13653245831";"10/03/2026 / 09:01:41";"WINJ26";"C";"1";"184.055,00";"executada";"entrada";"1";"184.055,00";"-";"-";"-"
"13653245830";"09/03/2026 / 09:06:21";"WINJ26";"C";"1";"181.155,00";"executada";"saída";"1";"181.155,00";"-290,00";"-0,16";"-58,00"
"13653245829";"09/03/2026 / 09:03:59";"WINJ26";"V";"1";"180.865,00";"executada";"entrada";"1";"180.865,00";"-";"-";"-"
"13653245828";"06/03/2026 / 10:04:19";"WINJ26";"C";"1";"182.680,00";"executada";"saída";"1";"182.680,00";"-70,00";"-0,04";"-14,00"
"13653245827";"06/03/2026 / 10:04:05";"WINJ26";"V";"1";"182.610,00";"executada";"entrada";"1";"182.610,00";"-";"-";"-"
"13653245826";"06/03/2026 / 09:10:15";"WINJ26";"C";"1";"181.355,00";"executada";"saída";"1";"181.355,00";"285,00";"0,16";"57,00"
"13653245825";"06/03/2026 / 09:03:58";"WINJ26";"V";"1";"181.640,00";"executada";"entrada";"1";"181.640,00";"-";"-";"-"
"13653245824";"05/03/2026 / 09:08:27";"WINJ26";"V";"1";"186.715,00";"executada";"saída";"1";"186.715,00";"70,00";"0,04";"14,00"
"13653245823";"05/03/2026 / 09:06:20";"WINJ26";"C";"1";"186.645,00";"executada";"entrada";"1";"186.645,00";"-";"-";"-"
"13653245822";"04/03/2026 / 09:01:54";"WINJ26";"V";"1";"187.075,00";"executada";"saída";"1";"187.075,00";"530,00";"0,28";"106,00"
"13653245821";"04/03/2026 / 09:01:18";"WINJ26";"C";"1";"186.545,00";"executada";"entrada";"1";"186.545,00";"-";"-";"-"
"13653245820";"03/03/2026 / 09:05:42";"WINJ26";"V";"1";"187.715,00";"executada";"saída";"1";"187.715,00";"-385,00";"-0,20";"-77,00"
"13653245819";"03/03/2026 / 09:04:14";"WINJ26";"C";"1";"188.100,00";"executada";"entrada";"1";"188.100,00";"-";"-";"-"
"13653245818";"02/03/2026 / 09:16:39";"WINJ26";"C";"1";"191.045,00";"executada";"saída";"1";"191.045,00";"35,00";"0,02";"7,00"
"13653245817";"02/03/2026 / 09:15:52";"WINJ26";"V";"1";"191.080,00";"executada";"entrada";"1";"191.080,00";"-";"-";"-"
"13653245816";"27/02/2026 / 09:03:58";"WINJ26";"V";"1";"192.520,00";"executada";"saída";"1";"192.520,00";"-560,00";"-0,29";"-112,00"
"13653245815";"27/02/2026 / 09:03:16";"WINJ26";"C";"1";"193.080,00";"executada";"entrada";"1";"193.080,00";"-";"-";"-"
"13653245814";"26/02/2026 / 09:04:55";"WINJ26";"C";"1";"194.015,00";"executada";"saída";"1";"194.015,00";"205,00";"0,11";"41,00"
"13653245813";"26/02/2026 / 09:01:24";"WINJ26";"V";"1";"194.220,00";"executada";"entrada";"1";"194.220,00";"-";"-";"-"
"13653245812";"25/02/2026 / 09:03:52";"WINJ26";"C";"1";"196.215,00";"executada";"saída";"1";"196.215,00";"60,00";"0,03";"12,00"
"13653245811";"25/02/2026 / 09:03:42";"WINJ26";"V";"1";"196.275,00";"executada";"entrada";"1";"196.275,00";"-";"-";"-"
"13653245810";"24/02/2026 / 09:02:59";"WINJ26";"C";"1";"193.145,00";"executada";"saída";"1";"193.145,00";"-545,00";"-0,28";"-109,00"
"13653245809";"24/02/2026 / 09:01:14";"WINJ26";"V";"1";"192.600,00";"executada";"entrada";"1";"192.600,00";"-";"-";"-"
"13653245808";"23/02/2026 / 09:16:38";"WINJ26";"V";"1";"193.105,00";"executada";"saída";"1";"193.105,00";"-540,00";"-0,28";"-108,00"
"13653245807";"23/02/2026 / 09:01:14";"WINJ26";"C";"1";"193.645,00";"executada";"entrada";"1";"193.645,00";"-";"-";"-"
"13653245806";"20/02/2026 / 09:02:10";"WINJ26";"C";"1";"191.950,00";"executada";"saída";"1";"191.950,00";"350,00";"0,18";"70,00"
"13653245805";"20/02/2026 / 09:01:14";"WINJ26";"V";"1";"192.300,00";"executada";"entrada";"1";"192.300,00";"-";"-";"-"
"13653245804";"19/02/2026 / 09:04:18";"WINJ26";"V";"1";"190.210,00";"executada";"saída";"1";"190.210,00";"165,00";"0,09";"33,00"
"13653245803";"19/02/2026 / 09:02:08";"WINJ26";"C";"1";"190.045,00";"executada";"entrada";"1";"190.045,00";"-";"-";"-"
"13653245802";"13/02/2026 / 09:12:55";"WING26";"C";"1";"185.925,00";"executada";"saída";"1";"185.925,00";"545,00";"0,29";"109,00"
"13653245801";"13/02/2026 / 09:03:52";"WING26";"V";"1";"186.470,00";"executada";"entrada";"1";"186.470,00";"-";"-";"-"
"13653245800";"12/02/2026 / 09:04:06";"WING26";"C";"1";"189.605,00";"executada";"saída";"1";"189.605,00";"875,00";"0,46";"175,00"
"13653245799";"12/02/2026 / 09:02:04";"WING26";"V";"1";"190.480,00";"executada";"entrada";"1";"190.480,00";"-";"-";"-"
"13653245798";"11/02/2026 / 09:04:33";"WING26";"V";"1";"188.185,00";"executada";"saída";"1";"188.185,00";"915,00";"0,49";"183,00"
"13653245797";"11/02/2026 / 09:01:16";"WING26";"C";"1";"187.270,00";"executada";"entrada";"1";"187.270,00";"-";"-";"-"
"13653245796";"10/02/2026 / 09:15:53";"WING26";"C";"1";"186.125,00";"executada";"saída";"1";"186.125,00";"0,00";"0,00";"0,00"
"13653245795";"10/02/2026 / 09:12:30";"WING26";"V";"1";"186.125,00";"executada";"entrada";"1";"186.125,00";"-";"-";"-"
"13653245794";"10/02/2026 / 09:09:30";"WING26";"V";"1";"186.155,00";"executada";"saída";"1";"186.155,00";"195,00";"0,10";"39,00"
"13653245793";"10/02/2026 / 09:05:24";"WING26";"C";"1";"185.960,00";"executada";"entrada";"1";"185.960,00";"-";"-";"-"
"13653245792";"09/02/2026 / 09:02:39";"WING26";"C";"1";"184.030,00";"executada";"saída";"1";"184.030,00";"235,00";"0,13";"47,00"
"13653245791";"09/02/2026 / 09:01:14";"WING26";"V";"1";"184.265,00";"executada";"entrada";"1";"184.265,00";"-";"-";"-"
"13653245790";"06/02/2026 / 09:03:16";"WING26";"V";"1";"184.415,00";"executada";"saída";"1";"184.415,00";"180,00";"0,10";"36,00"
"13653245789";"06/02/2026 / 09:01:23";"WING26";"C";"1";"184.235,00";"executada";"entrada";"1";"184.235,00";"-";"-";"-"
"13653245788";"05/02/2026 / 09:14:27";"WING26";"V";"1";"182.255,00";"executada";"saída";"1";"182.255,00";"-525,00";"-0,29";"-105,00"
"13653245787";"05/02/2026 / 09:01:51";"WING26";"C";"1";"182.780,00";"executada";"entrada";"1";"182.780,00";"-";"-";"-"
"13653245786";"04/02/2026 / 09:03:38";"WING26";"V";"1";"186.350,00";"executada";"saída";"1";"186.350,00";"-505,00";"-0,27";"-101,00"
"13653245785";"04/02/2026 / 09:02:07";"WING26";"C";"1";"186.855,00";"executada";"entrada";"1";"186.855,00";"-";"-";"-"
"13653245784";"03/02/2026 / 09:08:45";"WING26";"V";"1";"184.690,00";"executada";"saída";"1";"184.690,00";"-505,00";"-0,27";"-101,00"
"13653245783";"03/02/2026 / 09:02:13";"WING26";"C";"1";"185.195,00";"executada";"entrada";"1";"185.195,00";"-";"-";"-"
"13653245782";"02/02/2026 / 09:01:44";"WING26";"V";"1";"181.950,00";"executada";"saída";"1";"181.950,00";"190,00";"0,10";"38,00"
"13653245781";"02/02/2026 / 09:01:17";"WING26";"C";"1";"181.760,00";"executada";"entrada";"1";"181.760,00";"-";"-";"-"
"13653245780";"30/01/2026 / 09:03:01";"WING26";"C";"1";"183.580,00";"executada";"saída";"1";"183.580,00";"-610,00";"-0,33";"-122,00"
"13653245779";"30/01/2026 / 09:01:19";"WING26";"V";"1";"182.970,00";"executada";"entrada";"1";"182.970,00";"-";"-";"-"
"13653245778";"29/01/2026 / 09:02:36";"WING26";"V";"1";"188.585,00";"executada";"saída";"1";"188.585,00";"150,00";"0,08";"30,00"
"13653245777";"29/01/2026 / 09:01:42";"WING26";"C";"1";"188.435,00";"executada";"entrada";"1";"188.435,00";"-";"-";"-"
"13653245776";"28/01/2026 / 09:02:40";"WING26";"C";"1";"183.710,00";"executada";"saída";"1";"183.710,00";"275,00";"0,15";"55,00"
"13653245775";"28/01/2026 / 09:01:29";"WING26";"V";"1";"183.985,00";"executada";"entrada";"1";"183.985,00";"-";"-";"-"
"13653245774";"27/01/2026 / 09:12:58";"WING26";"V";"1";"181.355,00";"executada";"saída";"1";"181.355,00";"-490,00";"-0,27";"-98,00"
"13653245773";"27/01/2026 / 09:05:32";"WING26";"C";"1";"181.845,00";"executada";"entrada";"1";"181.845,00";"-";"-";"-"
"13653245772";"26/01/2026 / 09:02:45";"WING26";"V";"1";"182.050,00";"executada";"saída";"1";"182.050,00";"205,00";"0,11";"41,00"
"13653245771";"26/01/2026 / 09:01:46";"WING26";"C";"1";"181.845,00";"executada";"entrada";"1";"181.845,00";"-";"-";"-"
"13653245770";"23/01/2026 / 09:03:56";"WING26";"C";"1";"178.485,00";"executada";"saída";"1";"178.485,00";"-460,00";"-0,26";"-92,00"
"13653245769";"23/01/2026 / 09:02:18";"WING26";"V";"1";"178.025,00";"executada";"entrada";"1";"178.025,00";"-";"-";"-"
"13653245768";"22/01/2026 / 09:03:34";"WING26";"C";"1";"173.600,00";"executada";"saída";"1";"173.600,00";"130,00";"0,07";"26,00"
"13653245767";"22/01/2026 / 09:01:06";"WING26";"V";"1";"173.730,00";"executada";"entrada";"1";"173.730,00";"-";"-";"-"
"13653245766";"21/01/2026 / 09:02:20";"WING26";"V";"1";"168.515,00";"executada";"saída";"1";"168.515,00";"500,00";"0,30";"100,00"
"13653245765";"21/01/2026 / 09:01:08";"WING26";"C";"1";"168.015,00";"executada";"entrada";"1";"168.015,00";"-";"-";"-"
"13653245764";"20/01/2026 / 09:03:59";"WING26";"V";"1";"165.860,00";"executada";"saída";"1";"165.860,00";"80,00";"0,05";"16,00"
"13653245763";"20/01/2026 / 09:01:13";"WING26";"C";"1";"165.780,00";"executada";"entrada";"1";"165.780,00";"-";"-";"-"
"13653245762";"19/01/2026 / 09:02:32";"WING26";"V";"1";"165.645,00";"executada";"saída";"1";"165.645,00";"-555,00";"-0,33";"-111,00"
"13653245761";"19/01/2026 / 09:01:08";"WING26";"C";"1";"166.200,00";"executada";"entrada";"1";"166.200,00";"-";"-";"-"
"13653245760";"16/01/2026 / 11:11:00";"WING26";"C";"1";"166.735,00";"executada";"saída";"1";"166.735,00";"860,00";"0,51";"172,00"
"13653245759";"16/01/2026 / 09:03:40";"WING26";"V";"1";"167.595,00";"executada";"entrada";"1";"167.595,00";"-";"-";"-"
"13653245758";"15/01/2026 / 09:58:46";"WING26";"V";"1";"167.325,00";"executada";"saída";"1";"167.325,00";"-60,00";"-0,04";"-12,00"
"13653245757";"15/01/2026 / 09:13:25";"WING26";"C";"1";"167.385,00";"executada";"entrada";"1";"167.385,00";"-";"-";"-"
"13653245756";"15/01/2026 / 09:05:31";"WING26";"V";"1";"167.025,00";"executada";"saída";"1";"167.025,00";"155,00";"0,09";"31,00"
"13653245755";"15/01/2026 / 09:03:15";"WING26";"C";"1";"166.870,00";"executada";"entrada";"1";"166.870,00";"-";"-";"-"
"13653245754";"14/01/2026 / 09:41:52";"WING26";"V";"1";"164.700,00";"executada";"saída";"1";"164.700,00";"325,00";"0,20";"65,00"
"13653245753";"14/01/2026 / 09:09:30";"WING26";"C";"1";"164.375,00";"executada";"entrada";"1";"164.375,00";"-";"-";"-"
"13653245752";"14/01/2026 / 09:07:40";"WING26";"C";"1";"164.300,00";"executada";"saída";"1";"164.300,00";"-95,00";"-0,06";"-19,00"
"13653245751";"14/01/2026 / 09:05:53";"WING26";"V";"1";"164.205,00";"executada";"entrada";"1";"164.205,00";"-";"-";"-"
"13653245750";"13/01/2026 / 09:16:09";"WING26";"V";"1";"164.925,00";"executada";"saída";"1";"164.925,00";"-170,00";"-0,10";"-34,00"
"13653245749";"13/01/2026 / 09:08:30";"WING26";"C";"1";"165.095,00";"executada";"entrada";"1";"165.095,00";"-";"-";"-"
"13653245748";"13/01/2026 / 09:07:31";"WING26";"C";"1";"165.115,00";"executada";"saída";"1";"165.115,00";"450,00";"0,27";"90,00"
"13653245747";"13/01/2026 / 09:03:06";"WING26";"V";"1";"165.565,00";"executada";"entrada";"1";"165.565,00";"-";"-";"-"
"13653245746";"12/01/2026 / 09:20:12";"WING26";"V";"1";"165.605,00";"executada";"saída";"1";"165.605,00";"155,00";"0,09";"31,00"
"13653245745";"12/01/2026 / 09:03:04";"WING26";"C";"1";"165.450,00";"executada";"entrada";"1";"165.450,00";"-";"-";"-"
"13653245744";"09/01/2026 / 09:10:44";"WING26";"V";"1";"164.900,00";"executada";"saída";"1";"164.900,00";"-500,00";"-0,30";"-100,00"
"13653245743";"09/01/2026 / 09:01:10";"WING26";"C";"1";"165.400,00";"executada";"entrada";"1";"165.400,00";"-";"-";"-"
"13653245742";"08/01/2026 / 09:45:52";"WING26";"C";"1";"164.390,00";"executada";"saída";"1";"164.390,00";"-500,00";"-0,31";"-100,00"
"13653245741";"08/01/2026 / 09:05:24";"WING26";"V";"1";"163.890,00";"executada";"entrada";"1";"163.890,00";"-";"-";"-"
"13653245740";"07/01/2026 / 09:22:27";"WING26";"V";"1";"165.900,00";"executada";"saída";"1";"165.900,00";"110,00";"0,07";"22,00"
"13653245739";"07/01/2026 / 09:05:11";"WING26";"C";"1";"165.790,00";"executada";"entrada";"1";"165.790,00";"-";"-";"-"
"13653245738";"06/01/2026 / 09:11:26";"WING26";"V";"1";"164.860,00";"executada";"saída";"1";"164.860,00";"145,00";"0,09";"29,00"
"13653245737";"06/01/2026 / 09:03:27";"WING26";"C";"1";"164.715,00";"executada";"entrada";"1";"164.715,00";"-";"-";"-"
"13653245736";"05/01/2026 / 09:17:37";"WING26";"C";"1";"162.995,00";"executada";"saída";"1";"162.995,00";"430,00";"0,26";"86,00"
"13653245735";"05/01/2026 / 09:05:30";"WING26";"V";"1";"163.425,00";"executada";"entrada";"1";"163.425,00";"-";"-";"-"
"13653245734";"02/01/2026 / 09:16:10";"WING26";"C";"1";"164.365,00";"executada";"saída";"1";"164.365,00";"240,00";"0,15";"48,00"
"13653245733";"02/01/2026 / 09:03:50";"WING26";"V";"1";"164.605,00";"executada";"entrada";"1";"164.605,00";"-";"-";"-"
"13653245732";"30/12/2025 / 09:08:45";"WING26";"V";"1";"163.775,00";"executada";"saída";"1";"163.775,00";"315,00";"0,19";"63,00"
"13653245731";"30/12/2025 / 09:01:13";"WING26";"C";"1";"163.460,00";"executada";"entrada";"1";"163.460,00";"-";"-";"-"
"13653245730";"29/12/2025 / 09:09:03";"WING26";"V";"1";"164.130,00";"executada";"saída";"1";"164.130,00";"180,00";"0,11";"36,00"
"13653245729";"29/12/2025 / 09:02:14";"WING26";"C";"1";"163.950,00";"executada";"entrada";"1";"163.950,00";"-";"-";"-"
"13653245728";"26/12/2025 / 09:11:19";"WING26";"V";"1";"162.540,00";"executada";"saída";"1";"162.540,00";"240,00";"0,15";"48,00"
"13653245727";"26/12/2025 / 09:02:00";"WING26";"C";"1";"162.300,00";"executada";"entrada";"1";"162.300,00";"-";"-";"-"
"13653245726";"23/12/2025 / 09:21:47";"WING26";"V";"1";"161.770,00";"executada";"saída";"1";"161.770,00";"430,00";"0,27";"86,00"
"13653245725";"23/12/2025 / 09:01:21";"WING26";"C";"1";"161.340,00";"executada";"entrada";"1";"161.340,00";"-";"-";"-"
"13653245724";"22/12/2025 / 09:16:53";"WING26";"C";"1";"161.920,00";"executada";"saída";"1";"161.920,00";"230,00";"0,14";"46,00"
"13653245723";"22/12/2025 / 09:03:09";"WING26";"V";"1";"162.150,00";"executada";"entrada";"1";"162.150,00";"-";"-";"-"
"13653245722";"19/12/2025 / 09:06:38";"WING26";"V";"1";"161.785,00";"executada";"saída";"1";"161.785,00";"415,00";"0,26";"83,00"
"13653245721";"19/12/2025 / 09:01:19";"WING26";"C";"1";"161.370,00";"executada";"entrada";"1";"161.370,00";"-";"-";"-"
"13653245720";"18/12/2025 / 09:06:28";"WING26";"C";"1";"160.300,00";"executada";"saída";"1";"160.300,00";"340,00";"0,21";"68,00"
"13653245719";"18/12/2025 / 09:01:04";"WING26";"V";"1";"160.640,00";"executada";"entrada";"1";"160.640,00";"-";"-";"-"
"13653245718";"17/12/2025 / 09:11:50";"WING26";"C";"1";"161.470,00";"executada";"saída";"1";"161.470,00";"-550,00";"-0,34";"-110,00"
"13653245717";"17/12/2025 / 09:02:23";"WING26";"V";"1";"160.920,00";"executada";"entrada";"1";"160.920,00";"-";"-";"-"
"13653245716";"16/12/2025 / 09:09:11";"WINZ25";"V";"1";"160.480,00";"executada";"saída";"1";"160.480,00";"185,00";"0,12";"37,00"
"13653245715";"16/12/2025 / 09:06:00";"WINZ25";"C";"1";"160.295,00";"executada";"entrada";"1";"160.295,00";"-";"-";"-"
"13653245714";"15/12/2025 / 09:07:35";"WINZ25";"V";"1";"161.730,00";"executada";"saída";"1";"161.730,00";"155,00";"0,10";"31,00"
"13653245713";"15/12/2025 / 09:04:46";"WINZ25";"C";"1";"161.575,00";"executada";"entrada";"1";"161.575,00";"-";"-";"-"
"13653245712";"12/12/2025 / 09:06:17";"WINZ25";"V";"1";"160.090,00";"executada";"saída";"1";"160.090,00";"490,00";"0,31";"98,00"
"13653245711";"12/12/2025 / 09:02:57";"WINZ25";"C";"1";"159.600,00";"executada";"entrada";"1";"159.600,00";"-";"-";"-"
"13653245710";"11/12/2025 / 09:07:21";"WINZ25";"V";"1";"158.445,00";"executada";"saída";"1";"158.445,00";"-490,00";"-0,31";"-98,00"
"13653245709";"11/12/2025 / 09:03:36";"WINZ25";"C";"1";"158.935,00";"executada";"entrada";"1";"158.935,00";"-";"-";"-"
"13653245708";"10/12/2025 / 09:06:22";"WINZ25";"C";"1";"160.135,00";"executada";"saída";"1";"160.135,00";"115,00";"0,07";"23,00"
"13653245707";"10/12/2025 / 09:04:34";"WINZ25";"V";"1";"160.250,00";"executada";"entrada";"1";"160.250,00";"-";"-";"-"
"13653245706";"09/12/2025 / 09:42:25";"WINZ25";"C";"1";"157.965,00";"executada";"saída";"1";"157.965,00";"260,00";"0,16";"52,00"
"13653245705";"09/12/2025 / 09:05:06";"WINZ25";"V";"1";"158.225,00";"executada";"entrada";"1";"158.225,00";"-";"-";"-"
"13653245704";"08/12/2025 / 09:04:52";"WINZ25";"C";"1";"159.690,00";"executada";"saída";"1";"159.690,00";"335,00";"0,21";"67,00"
"13653245703";"08/12/2025 / 09:03:42";"WINZ25";"V";"1";"160.025,00";"executada";"entrada";"1";"160.025,00";"-";"-";"-"
